
<network nodes="4">
    <grid>0.1m</grid>
    <tolerance quality="2">1E-4</tolerance>

    <xi:include href="CHANNELS/tabulated.xml"/>

    <nodes>
	<xi:include href="nodefs.xml"/>
	
	<node number="0" type="a321p" start="on" hid="0xBACA0001">
	    <location>5.0 5.0</location>
	</node>
	
	<node number="1" type="a321p" start="on" hid="0xBACA0002">
	    <location>5.0 50.0</location>
	</node>
	<node number="2" type="a320t" start="on" hid="0xBACA0065">
	    <location>50.0 50.0</location>
	</node>
        <node number="3" type="a319t" start="on" hid="0xBACA0066">
            <location>40.0 40.0</location>
        </node>
    </nodes>
</network>

