
<network nodes="3">
    <grid>0.1m</grid>
    <tolerance quality="2">1E-4</tolerance>

    <xi:include href="CHANNELS/tabulated.xml"/>

    <nodes>
	<xi:include href="nodefs.xml"/>
	
	<node number="0" type="warp" start="on" hid="0xBACA0001">
	    <location>5.0 5.0</location>
	</node>
	
	<node number="1" type="warp" start="on" hid="0xBACA0002">
	    <location>5.0 50.0</location>
	</node>
	<node number="2" type="wart" start="on" hid="0xBACA0065">
	    <location>50.0 50.0</location>
	</node>
    </nodes>
</network>
