<network nodes="5">
    <grid>0.1m</grid>
    <tolerance quality="2">1E-4</tolerance>
    <xi:include href="CHANNELS/legacy_short.xml"/>
    <nodes>
	<defaults>
	    <memory>8666 bytes</memory>
	    <radio>
	    	<power>7</power>
	    	<preamble>32 bits</preamble>
	    	<lbt>
			delay			8msec
			threshold		-109.0dBm
	    	</lbt>
	    	<backoff>
			min			8msec
			max			303msec
	    	</backoff>
	    </radio>
	    <leds number="3">
	    	<output target="socket"></output>
	    </leds>
	    <eeprom size="524288"></eeprom>
	    <iflash size="256,2"></iflash>
	    <uart rate="9600" bsize="12">
		<input source="socket"></input>
		<output target="socket" type="held"></output>
	    </uart>
	<sensors>
	  <input source="socket"></input>
	  <sensor number="-1" vsize="2" delay="0.01" init="2501"> 2600 </sensor>
	</sensors>
	    <preinit tag="NID" type="word">85</preinit>
	    <preinit tag="PROFI" type="word">0xFFFF</preinit>
	    <preinit tag="PINC" type="word">0xFFFF</preinit>
	    <preinit tag="PEXC" type="word">0</preinit>
	    <preinit tag="NICK" type="string">uninit</preinit>
	    <preinit tag="DESC" type="string">uninit desc</preinit>
	    <preinit tag="DBIZ" type="string">uninit biz</preinit>
	    <preinit tag="DPRIV" type="string">uninit priv</preinit>
	</defaults>
	<node number="0" type="peg" hid="0xBACA000A">
	    <location>5.0 5.0</location>
	    <preinit tag="NICK" type="string">Alice</preinit>
	    <preinit tag="DESC" type="string">white blouse</preinit>
	    <preinit tag="DBIZ" type="string">Ala Inc.</preinit>
	    <preinit tag="DPRIV" type="string">613-111-2222</preinit>
	    <preinit tag="PROFI" type="word">0x6F26</preinit>
	</node>
        <node number="1" type="peg" hid="0xBACA000B">
            <location>15.0 5.0</location>
	    <preinit tag="NICK" type="string">Bob</preinit>
	    <preinit tag="DESC" type="string">tall, red tie</preinit>
	    <preinit tag="DBIZ" type="string">Bobardier</preinit>
	    <preinit tag="DPRIV" type="string">room 666</preinit>
	    <preinit tag="PROFI" type="word">0x55F0</preinit>
	</node>
	<node number="2" type="peg" start="off" hid="0xBACA0066">
	    <location>5.0 15.0</location>
	    <preinit tag="NICK" type="string">Cat</preinit>
	    <preinit tag="DESC" type="string">nice paws</preinit>
	    <preinit tag="DBIZ" type="string">Mice Exterme</preinit>
	    <preinit tag="DPRIV" type="string">on March break</preinit>
	    <preinit tag="PROFI" type="word">0xE0FF</preinit>
	    <preinit tag="PEXC" type="word">0x2000</preinit>
	</node>
	<node number="3" type="peg" start="off" hid="0xBACA0067">
	    <location>15.0 8.0</location>
	    <preinit tag="NICK" type="string">Dog</preinit>
	    <preinit tag="DESC" type="string">big jaws</preinit>
	    <preinit tag="DBIZ" type="string">Hunt Extreme</preinit>
	    <preinit tag="DPRIV" type="string">whistle high C</preinit>
	    <preinit tag="PROFI" type="word">0xF014</preinit>
	</node>
	<node number="4" type="peg" start="on">
	    <location>10.0 10.0</location>
	</node>
    </nodes>
</network>
